algorithm;class;metric;mse;C;n;value_fact;value_theory;is_steps
f(v) = 1 (константа);O(1);seconds;2.7194711388888856E-20;5.298533333333334E-09;50;5.198E-09;5.298533333333334E-09;0
f(v) = 1 (константа);O(1);seconds;2.7194711388888856E-20;5.298533333333334E-09;100;5.541000000000001E-09;5.298533333333334E-09;0
f(v) = 1 (константа);O(1);seconds;2.7194711388888856E-20;5.298533333333334E-09;150;5.380999999999999E-09;5.298533333333334E-09;0
f(v) = 1 (константа);O(1);seconds;2.7194711388888856E-20;5.298533333333334E-09;200;5.501E-09;5.298533333333334E-09;0
f(v) = 1 (константа);O(1);seconds;2.7194711388888856E-20;5.298533333333334E-09;250;5.2075000000000005E-09;5.298533333333334E-09;0
f(v) = 1 (константа);O(1);seconds;2.7194711388888856E-20;5.298533333333334E-09;300;5.2280000000000006E-09;5.298533333333334E-09;0
f(v) = 1 (константа);O(1);seconds;2.7194711388888856E-20;5.298533333333334E-09;350;5.283E-09;5.298533333333334E-09;0
f(v) = 1 (константа);O(1);seconds;2.7194711388888856E-20;5.298533333333334E-09;400;5.2269999999999994E-09;5.298533333333334E-09;0
f(v) = 1 (константа);O(1);seconds;2.7194711388888856E-20;5.298533333333334E-09;450;5.266666666666667E-09;5.298533333333334E-09;0
f(v) = 1 (константа);O(1);seconds;2.7194711388888856E-20;5.298533333333334E-09;500;5.1966666666666675E-09;5.298533333333334E-09;0
f(v) = 1 (константа);O(1);seconds;2.7194711388888856E-20;5.298533333333334E-09;550;5.21125E-09;5.298533333333334E-09;0
f(v) = 1 (константа);O(1);seconds;2.7194711388888856E-20;5.298533333333334E-09;600;5.32125E-09;5.298533333333334E-09;0
f(v) = 1 (константа);O(1);seconds;2.7194711388888856E-20;5.298533333333334E-09;650;5.26375E-09;5.298533333333334E-09;0
f(v) = 1 (константа);O(1);seconds;2.7194711388888856E-20;5.298533333333334E-09;700;5.1824999999999994E-09;5.298533333333334E-09;0
f(v) = 1 (константа);O(1);seconds;2.7194711388888856E-20;5.298533333333334E-09;750;5.2E-09;5.298533333333334E-09;0
f(v) = 1 (константа);O(1);seconds;2.7194711388888856E-20;5.298533333333334E-09;800;5.258333333333333E-09;5.298533333333334E-09;0
f(v) = 1 (константа);O(1);seconds;2.7194711388888856E-20;5.298533333333334E-09;850;5.211E-09;5.298533333333334E-09;0
f(v) = 1 (константа);O(1);seconds;2.7194711388888856E-20;5.298533333333334E-09;900;5.21875E-09;5.298533333333334E-09;0
f(v) = 1 (константа);O(1);seconds;2.7194711388888856E-20;5.298533333333334E-09;950;5.8799999999999995E-09;5.298533333333334E-09;0
f(v) = 1 (константа);O(1);seconds;2.7194711388888856E-20;5.298533333333334E-09;1000;5.194E-09;5.298533333333334E-09;0
Сумма элементов;O(n);seconds;4.790370476866086E-16;2.8514639141824752E-09;50;1.55172E-07;1.4257319570912376E-07;0
Сумма элементов;O(n);seconds;4.790370476866086E-16;2.8514639141824752E-09;100;2.9559999999999997E-07;2.851463914182475E-07;0
Сумма элементов;O(n);seconds;4.790370476866086E-16;2.8514639141824752E-09;150;4.3609200000000004E-07;4.2771958712737126E-07;0
Сумма элементов;O(n);seconds;4.790370476866086E-16;2.8514639141824752E-09;200;5.7819E-07;5.70292782836495E-07;0
Сумма элементов;O(n);seconds;4.790370476866086E-16;2.8514639141824752E-09;250;7.169875E-07;7.128659785456188E-07;0
Сумма элементов;O(n);seconds;4.790370476866086E-16;2.8514639141824752E-09;300;8.5581E-07;8.554391742547425E-07;0
Сумма элементов;O(n);seconds;4.790370476866086E-16;2.8514639141824752E-09;350;9.970240000000002E-07;9.980123699638664E-07;0
Сумма элементов;O(n);seconds;4.790370476866086E-16;2.8514639141824752E-09;400;1.1382279999999999E-06;1.14058556567299E-06;0
Сумма элементов;O(n);seconds;4.790370476866086E-16;2.8514639141824752E-09;450;1.278426E-06;1.2831587613821138E-06;0
Сумма элементов;O(n);seconds;4.790370476866086E-16;2.8514639141824752E-09;500;1.4197333333333333E-06;1.4257319570912377E-06;0
Сумма элементов;O(n);seconds;4.790370476866086E-16;2.8514639141824752E-09;550;1.5622175E-06;1.5683051528003614E-06;0
Сумма элементов;O(n);seconds;4.790370476866086E-16;2.8514639141824752E-09;600;1.7008000000000003E-06;1.710878348509485E-06;0
Сумма элементов;O(n);seconds;4.790370476866086E-16;2.8514639141824752E-09;650;1.8414733333333333E-06;1.853451544218609E-06;0
Сумма элементов;O(n);seconds;4.790370476866086E-16;2.8514639141824752E-09;700;1.9841175E-06;1.996024739927733E-06;0
Сумма элементов;O(n);seconds;4.790370476866086E-16;2.8514639141824752E-09;750;2.1234E-06;2.1385979356368565E-06;0
Сумма элементов;O(n);seconds;4.790370476866086E-16;2.8514639141824752E-09;800;2.2723500000000004E-06;2.28117113134598E-06;0
Сумма элементов;O(n);seconds;4.790370476866086E-16;2.8514639141824752E-09;850;2.4063475E-06;2.423744327055104E-06;0
Сумма элементов;O(n);seconds;4.790370476866086E-16;2.8514639141824752E-09;900;2.548784E-06;2.5663175227642276E-06;0
Сумма элементов;O(n);seconds;4.790370476866086E-16;2.8514639141824752E-09;950;2.688755E-06;2.7088907184733517E-06;0
Сумма элементов;O(n);seconds;4.790370476866086E-16;2.8514639141824752E-09;1000;2.8307600000000002E-06;2.8514639141824754E-06;0
Сумма элементов;O(n);seconds;4.790370476866086E-16;2.8514639141824752E-09;1050;2.9698666666666667E-06;2.994037109891599E-06;0
Сумма элементов;O(n);seconds;4.790370476866086E-16;2.8514639141824752E-09;1100;3.1114839999999998E-06;3.1366103056007227E-06;0
Сумма элементов;O(n);seconds;4.790370476866086E-16;2.8514639141824752E-09;1150;3.2550180000000002E-06;3.2791835013098464E-06;0
Сумма элементов;O(n);seconds;4.790370476866086E-16;2.8514639141824752E-09;1200;3.3936574999999998E-06;3.42175669701897E-06;0
Сумма элементов;O(n);seconds;4.790370476866086E-16;2.8514639141824752E-09;1250;3.5584325000000003E-06;3.564329892728094E-06;0
Сумма элементов;O(n);seconds;4.790370476866086E-16;2.8514639141824752E-09;1300;3.7307299999999993E-06;3.706903088437218E-06;0
Сумма элементов;O(n);seconds;4.790370476866086E-16;2.8514639141824752E-09;1350;3.859172E-06;3.849476284146342E-06;0
Сумма элементов;O(n);seconds;4.790370476866086E-16;2.8514639141824752E-09;1400;4.0076125E-06;3.992049479855466E-06;0
Сумма элементов;O(n);seconds;4.790370476866086E-16;2.8514639141824752E-09;1450;4.186196E-06;4.134622675564589E-06;0
Сумма элементов;O(n);seconds;4.790370476866086E-16;2.8514639141824752E-09;1500;4.344933999999999E-06;4.277195871273713E-06;0
Сумма элементов;O(n);seconds;4.790370476866086E-16;2.8514639141824752E-09;1550;4.412590000000001E-06;4.419769066982837E-06;0
Сумма элементов;O(n);seconds;4.790370476866086E-16;2.8514639141824752E-09;1600;4.593062500000001E-06;4.56234226269196E-06;0
Сумма элементов;O(n);seconds;4.790370476866086E-16;2.8514639141824752E-09;1650;4.71791E-06;4.704915458401084E-06;0
Сумма элементов;O(n);seconds;4.790370476866086E-16;2.8514639141824752E-09;1700;4.8324525E-06;4.847488654110208E-06;0
Сумма элементов;O(n);seconds;4.790370476866086E-16;2.8514639141824752E-09;1750;4.977307999999999E-06;4.9900618498193315E-06;0
Сумма элементов;O(n);seconds;4.790370476866086E-16;2.8514639141824752E-09;1800;5.112303333333333E-06;5.132635045528455E-06;0
Сумма элементов;O(n);seconds;4.790370476866086E-16;2.8514639141824752E-09;1850;5.285468E-06;5.275208241237579E-06;0
Сумма элементов;O(n);seconds;4.790370476866086E-16;2.8514639141824752E-09;1900;5.433196666666666E-06;5.417781436946703E-06;0
Сумма элементов;O(n);seconds;4.790370476866086E-16;2.8514639141824752E-09;1950;5.5944539999999995E-06;5.560354632655827E-06;0
Сумма элементов;O(n);seconds;4.790370476866086E-16;2.8514639141824752E-09;2000;5.65545E-06;5.702927828364951E-06;0
Произведение элементов;O(n);seconds;4.766355955004936E-16;2.8852929933754895E-09;50;1.564325E-07;1.4426464966877447E-07;0
Произведение элементов;O(n);seconds;4.766355955004936E-16;2.8852929933754895E-09;100;2.96935E-07;2.8852929933754893E-07;0
Произведение элементов;O(n);seconds;4.766355955004936E-16;2.8852929933754895E-09;150;4.3826999999999997E-07;4.3279394900632345E-07;0
Произведение элементов;O(n);seconds;4.766355955004936E-16;2.8852929933754895E-09;200;5.8465E-07;5.770585986750979E-07;0
Произведение элементов;O(n);seconds;4.766355955004936E-16;2.8852929933754895E-09;250;7.142533333333334E-07;7.213232483438724E-07;0
Произведение элементов;O(n);seconds;4.766355955004936E-16;2.8852929933754895E-09;300;8.544475000000001E-07;8.655878980126469E-07;0
Произведение элементов;O(n);seconds;4.766355955004936E-16;2.8852929933754895E-09;350;9.9692E-07;1.0098525476814213E-06;0
Произведение элементов;O(n);seconds;4.766355955004936E-16;2.8852929933754895E-09;400;1.1371625E-06;1.1541171973501957E-06;0
Произведение элементов;O(n);seconds;4.766355955004936E-16;2.8852929933754895E-09;450;1.27974E-06;1.2983818470189702E-06;0
Произведение элементов;O(n);seconds;4.766355955004936E-16;2.8852929933754895E-09;500;1.4193679999999999E-06;1.4426464966877449E-06;0
Произведение элементов;O(n);seconds;4.766355955004936E-16;2.8852929933754895E-09;550;1.561908E-06;1.5869111463565193E-06;0
Произведение элементов;O(n);seconds;4.766355955004936E-16;2.8852929933754895E-09;600;1.701195E-06;1.7311757960252938E-06;0
Произведение элементов;O(n);seconds;4.766355955004936E-16;2.8852929933754895E-09;650;1.8831499999999997E-06;1.8754404456940683E-06;0
Произведение элементов;O(n);seconds;4.766355955004936E-16;2.8852929933754895E-09;700;2.004E-06;2.0197050953628425E-06;0
Произведение элементов;O(n);seconds;4.766355955004936E-16;2.8852929933754895E-09;750;2.20849E-06;2.163969745031617E-06;0
Произведение элементов;O(n);seconds;4.766355955004936E-16;2.8852929933754895E-09;800;2.3260474999999998E-06;2.3082343947003914E-06;0
Произведение элементов;O(n);seconds;4.766355955004936E-16;2.8852929933754895E-09;850;2.4885650000000003E-06;2.452499044369166E-06;0
Произведение элементов;O(n);seconds;4.766355955004936E-16;2.8852929933754895E-09;900;2.60811E-06;2.5967636940379404E-06;0
Произведение элементов;O(n);seconds;4.766355955004936E-16;2.8852929933754895E-09;950;2.743504E-06;2.741028343706715E-06;0
Произведение элементов;O(n);seconds;4.766355955004936E-16;2.8852929933754895E-09;1000;2.8895499999999997E-06;2.8852929933754897E-06;0
Произведение элементов;O(n);seconds;4.766355955004936E-16;2.8852929933754895E-09;1050;3.075392E-06;3.029557643044264E-06;0
Произведение элементов;O(n);seconds;4.766355955004936E-16;2.8852929933754895E-09;1100;3.2066566666666665E-06;3.1738222927130387E-06;0
Произведение элементов;O(n);seconds;4.766355955004936E-16;2.8852929933754895E-09;1150;3.353108E-06;3.318086942381813E-06;0
Произведение элементов;O(n);seconds;4.766355955004936E-16;2.8852929933754895E-09;1200;3.4521666666666668E-06;3.4623515920505876E-06;0
Произведение элементов;O(n);seconds;4.766355955004936E-16;2.8852929933754895E-09;1250;3.5835820000000002E-06;3.606616241719362E-06;0
Произведение элементов;O(n);seconds;4.766355955004936E-16;2.8852929933754895E-09;1300;3.73711E-06;3.7508808913881365E-06;0
Произведение элементов;O(n);seconds;4.766355955004936E-16;2.8852929933754895E-09;1350;3.913964E-06;3.8951455410569106E-06;0
Произведение элементов;O(n);seconds;4.766355955004936E-16;2.8852929933754895E-09;1400;4.060924000000001E-06;4.039410190725685E-06;0
Произведение элементов;O(n);seconds;4.766355955004936E-16;2.8852929933754895E-09;1450;4.214598E-06;4.1836748403944595E-06;0
Произведение элементов;O(n);seconds;4.766355955004936E-16;2.8852929933754895E-09;1500;4.295156666666667E-06;4.327939490063234E-06;0
Произведение элементов;O(n);seconds;4.766355955004936E-16;2.8852929933754895E-09;1550;4.473342E-06;4.4722041397320084E-06;0
Произведение элементов;O(n);seconds;4.766355955004936E-16;2.8852929933754895E-09;1600;4.6326275E-06;4.616468789400783E-06;0
Произведение элементов;O(n);seconds;4.766355955004936E-16;2.8852929933754895E-09;1650;4.759645E-06;4.760733439069557E-06;0
Произведение элементов;O(n);seconds;4.766355955004936E-16;2.8852929933754895E-09;1700;4.8998325E-06;4.904998088738332E-06;0
Произведение элементов;O(n);seconds;4.766355955004936E-16;2.8852929933754895E-09;1750;5.027816E-06;5.049262738407106E-06;0
Произведение элементов;O(n);seconds;4.766355955004936E-16;2.8852929933754895E-09;1800;5.1755E-06;5.193527388075881E-06;0
Произведение элементов;O(n);seconds;4.766355955004936E-16;2.8852929933754895E-09;1850;5.362914E-06;5.337792037744655E-06;0
Произведение элементов;O(n);seconds;4.766355955004936E-16;2.8852929933754895E-09;1900;5.47125E-06;5.48205668741343E-06;0
Произведение элементов;O(n);seconds;4.766355955004936E-16;2.8852929933754895E-09;1950;5.5914475E-06;5.626321337082204E-06;0
Произведение элементов;O(n);seconds;4.766355955004936E-16;2.8852929933754895E-09;2000;5.7473233333333336E-06;5.7705859867509795E-06;0
Полином (наивно);O(n^2);seconds;8.648576068084819E-10;1.4236445141187878E-09;50;1.418E-05;3.5591112852969694E-06;0
Полином (наивно);O(n^2);seconds;8.648576068084819E-10;1.4236445141187878E-09;100;1.418E-05;1.4236445141187878E-05;0
Полином (наивно);O(n^2);seconds;8.648576068084819E-10;1.4236445141187878E-09;150;3.07E-05;3.203200156767272E-05;0
Полином (наивно);O(n^2);seconds;8.648576068084819E-10;1.4236445141187878E-09;200;5.51E-05;5.694578056475151E-05;0
Полином (наивно);O(n^2);seconds;8.648576068084819E-10;1.4236445141187878E-09;250;8.573333333333332E-05;8.897778213242424E-05;0
Полином (наивно);O(n^2);seconds;8.648576068084819E-10;1.4236445141187878E-09;300;0.00012497500000000002;0.0001281280062706909;0
Полином (наивно);O(n^2);seconds;8.648576068084819E-10;1.4236445141187878E-09;350;0.000168975;0.0001743964529795515;0
Полином (наивно);O(n^2);seconds;8.648576068084819E-10;1.4236445141187878E-09;400;0.00022648;0.00022778312225900604;0
Полином (наивно);O(n^2);seconds;8.648576068084819E-10;1.4236445141187878E-09;450;0.000282275;0.0002882880141090545;0
Полином (наивно);O(n^2);seconds;8.648576068084819E-10;1.4236445141187878E-09;500;0.0003551;0.00035591112852969696;0
Полином (наивно);O(n^2);seconds;8.648576068084819E-10;1.4236445141187878E-09;550;0.0004176333333333333;0.0004306524655209333;0
Полином (наивно);O(n^2);seconds;8.648576068084819E-10;1.4236445141187878E-09;600;0.000497;0.0005125120250827636;0
Полином (наивно);O(n^2);seconds;8.648576068084819E-10;1.4236445141187878E-09;650;0.000594825;0.0006014898072151878;0
Полином (наивно);O(n^2);seconds;8.648576068084819E-10;1.4236445141187878E-09;700;0.0006969599999999999;0.000697585811918206;0
Полином (наивно);O(n^2);seconds;8.648576068084819E-10;1.4236445141187878E-09;750;0.0007868400000000001;0.0008008000391918181;0
Полином (наивно);O(n^2);seconds;8.648576068084819E-10;1.4236445141187878E-09;800;0.00090182;0.0009111324890360242;0
Полином (наивно);O(n^2);seconds;8.648576068084819E-10;1.4236445141187878E-09;850;0.0010161249999999999;0.001028583161450824;0
Полином (наивно);O(n^2);seconds;8.648576068084819E-10;1.4236445141187878E-09;900;0.0011472;0.001153152056436218;0
Полином (наивно);O(n^2);seconds;8.648576068084819E-10;1.4236445141187878E-09;950;0.001270425;0.001284839173992206;0
Полином (наивно);O(n^2);seconds;8.648576068084819E-10;1.4236445141187878E-09;1000;0.0014073749999999998;0.0014236445141187879;0
Полином (наивно);O(n^2);seconds;8.648576068084819E-10;1.4236445141187878E-09;1050;0.00154725;0.0015695680768159634;0
Полином (наивно);O(n^2);seconds;8.648576068084819E-10;1.4236445141187878E-09;1100;0.0016998250000000003;0.0017226098620837331;0
Полином (наивно);O(n^2);seconds;8.648576068084819E-10;1.4236445141187878E-09;1150;0.0018647333333333335;0.0018827698699220969;0
Полином (наивно);O(n^2);seconds;8.648576068084819E-10;1.4236445141187878E-09;1200;0.0020431;0.0020500481003310543;0
Полином (наивно);O(n^2);seconds;8.648576068084819E-10;1.4236445141187878E-09;1250;0.00220415;0.002224444553310606;0
Полином (наивно);O(n^2);seconds;8.648576068084819E-10;1.4236445141187878E-09;1300;0.0024399000000000005;0.002405959228860751;0
Полином (наивно);O(n^2);seconds;8.648576068084819E-10;1.4236445141187878E-09;1350;0.002613233333333333;0.0025945921269814906;0
Полином (наивно);O(n^2);seconds;8.648576068084819E-10;1.4236445141187878E-09;1400;0.0027950999999999996;0.002790343247672824;0
Полином (наивно);O(n^2);seconds;8.648576068084819E-10;1.4236445141187878E-09;1450;0.0030375000000000003;0.002993212590934751;0
Полином (наивно);O(n^2);seconds;8.648576068084819E-10;1.4236445141187878E-09;1500;0.0032091000000000003;0.0032032001567672726;0
Полином (наивно);O(n^2);seconds;8.648576068084819E-10;1.4236445141187878E-09;1550;0.0033856;0.0034203059451703875;0
Полином (наивно);O(n^2);seconds;8.648576068084819E-10;1.4236445141187878E-09;1600;0.0036308;0.0036445299561440967;0
Полином (наивно);O(n^2);seconds;8.648576068084819E-10;1.4236445141187878E-09;1650;0.00387206;0.0038758721896884;0
Полином (наивно);O(n^2);seconds;8.648576068084819E-10;1.4236445141187878E-09;1700;0.00407028;0.004114332645803296;0
Полином (наивно);O(n^2);seconds;8.648576068084819E-10;1.4236445141187878E-09;1750;0.004331675;0.004359911324488788;0
Полином (наивно);O(n^2);seconds;8.648576068084819E-10;1.4236445141187878E-09;1800;0.0046701600000000005;0.004612608225744872;0
Полином (наивно);O(n^2);seconds;8.648576068084819E-10;1.4236445141187878E-09;1850;0.00483455;0.004872423349571551;0
Полином (наивно);O(n^2);seconds;8.648576068084819E-10;1.4236445141187878E-09;1900;0.00511175;0.005139356695968824;0
Полином (наивно);O(n^2);seconds;8.648576068084819E-10;1.4236445141187878E-09;1950;0.0055438;0.00541340826493669;0
Полином (наивно);O(n^2);seconds;8.648576068084819E-10;1.4236445141187878E-09;2000;0.005662779999999999;0.005694578056475151;0
Полином (Горнер);O(n);seconds;1.3633547713691469E-15;3.540052930442638E-09;50;1.7216333333333332E-07;1.770026465221319E-07;0
Полином (Горнер);O(n);seconds;1.3633547713691469E-15;3.540052930442638E-09;100;3.5046E-07;3.540052930442638E-07;0
Полином (Горнер);O(n);seconds;1.3633547713691469E-15;3.540052930442638E-09;150;5.229125E-07;5.310079395663957E-07;0
Полином (Горнер);O(n);seconds;1.3633547713691469E-15;3.540052930442638E-09;200;7.1125E-07;7.080105860885275E-07;0
Полином (Горнер);O(n);seconds;1.3633547713691469E-15;3.540052930442638E-09;250;8.83976E-07;8.850132326106595E-07;0
Полином (Горнер);O(n);seconds;1.3633547713691469E-15;3.540052930442638E-09;300;1.0514080000000002E-06;1.0620158791327913E-06;0
Полином (Горнер);O(n);seconds;1.3633547713691469E-15;3.540052930442638E-09;350;1.232894E-06;1.2390185256549232E-06;0
Полином (Горнер);O(n);seconds;1.3633547713691469E-15;3.540052930442638E-09;400;1.421768E-06;1.416021172177055E-06;0
Полином (Горнер);O(n);seconds;1.3633547713691469E-15;3.540052930442638E-09;450;1.5777600000000001E-06;1.5930238186991872E-06;0
Полином (Горнер);O(n);seconds;1.3633547713691469E-15;3.540052930442638E-09;500;1.757136E-06;1.770026465221319E-06;0
Полином (Горнер);O(n);seconds;1.3633547713691469E-15;3.540052930442638E-09;550;1.930478E-06;1.947029111743451E-06;0
Полином (Горнер);O(n);seconds;1.3633547713691469E-15;3.540052930442638E-09;600;2.10985E-06;2.1240317582655826E-06;0
Полином (Горнер);O(n);seconds;1.3633547713691469E-15;3.540052930442638E-09;650;2.335248E-06;2.3010344047877147E-06;0
Полином (Горнер);O(n);seconds;1.3633547713691469E-15;3.540052930442638E-09;700;2.549346E-06;2.4780370513098464E-06;0
Полином (Горнер);O(n);seconds;1.3633547713691469E-15;3.540052930442638E-09;750;2.6927980000000002E-06;2.6550396978319785E-06;0
Полином (Горнер);O(n);seconds;1.3633547713691469E-15;3.540052930442638E-09;800;2.889658E-06;2.83204234435411E-06;0
Полином (Горнер);O(n);seconds;1.3633547713691469E-15;3.540052930442638E-09;850;3.0620380000000003E-06;3.0090449908762423E-06;0
Полином (Горнер);O(n);seconds;1.3633547713691469E-15;3.540052930442638E-09;900;3.224102E-06;3.1860476373983744E-06;0
Полином (Горнер);O(n);seconds;1.3633547713691469E-15;3.540052930442638E-09;950;3.362248E-06;3.363050283920506E-06;0
Полином (Горнер);O(n);seconds;1.3633547713691469E-15;3.540052930442638E-09;1000;3.564314E-06;3.540052930442638E-06;0
Полином (Горнер);O(n);seconds;1.3633547713691469E-15;3.540052930442638E-09;1050;3.734966E-06;3.71705557696477E-06;0
Полином (Горнер);O(n);seconds;1.3633547713691469E-15;3.540052930442638E-09;1100;3.97806E-06;3.894058223486902E-06;0
Полином (Горнер);O(n);seconds;1.3633547713691469E-15;3.540052930442638E-09;1150;4.038486666666667E-06;4.071060870009034E-06;0
Полином (Горнер);O(n);seconds;1.3633547713691469E-15;3.540052930442638E-09;1200;4.234832499999999E-06;4.248063516531165E-06;0
Полином (Горнер);O(n);seconds;1.3633547713691469E-15;3.540052930442638E-09;1250;4.540204E-06;4.425066163053297E-06;0
Полином (Горнер);O(n);seconds;1.3633547713691469E-15;3.540052930442638E-09;1300;4.61314E-06;4.6020688095754295E-06;0
Полином (Горнер);O(n);seconds;1.3633547713691469E-15;3.540052930442638E-09;1350;4.781376000000001E-06;4.779071456097562E-06;0
Полином (Горнер);O(n);seconds;1.3633547713691469E-15;3.540052930442638E-09;1400;4.970379999999999E-06;4.956074102619693E-06;0
Полином (Горнер);O(n);seconds;1.3633547713691469E-15;3.540052930442638E-09;1450;5.1217025E-06;5.133076749141825E-06;0
Полином (Горнер);O(n);seconds;1.3633547713691469E-15;3.540052930442638E-09;1500;5.288708E-06;5.310079395663957E-06;0
Полином (Горнер);O(n);seconds;1.3633547713691469E-15;3.540052930442638E-09;1550;5.4483225E-06;5.487082042186089E-06;0
Полином (Горнер);O(n);seconds;1.3633547713691469E-15;3.540052930442638E-09;1600;5.6545375E-06;5.66408468870822E-06;0
Полином (Горнер);O(n);seconds;1.3633547713691469E-15;3.540052930442638E-09;1650;5.807599999999999E-06;5.8410873352303525E-06;0
Полином (Горнер);O(n);seconds;1.3633547713691469E-15;3.540052930442638E-09;1700;6.0021975000000006E-06;6.018089981752485E-06;0
Полином (Горнер);O(n);seconds;1.3633547713691469E-15;3.540052930442638E-09;1750;6.1907225E-06;6.195092628274617E-06;0
Полином (Горнер);O(n);seconds;1.3633547713691469E-15;3.540052930442638E-09;1800;6.343540000000001E-06;6.372095274796749E-06;0
Полином (Горнер);O(n);seconds;1.3633547713691469E-15;3.540052930442638E-09;1850;6.551393333333334E-06;6.54909792131888E-06;0
Полином (Горнер);O(n);seconds;1.3633547713691469E-15;3.540052930442638E-09;1900;6.7664999999999995E-06;6.726100567841012E-06;0
Полином (Горнер);O(n);seconds;1.3633547713691469E-15;3.540052930442638E-09;1950;6.838012E-06;6.903103214363144E-06;0
Полином (Горнер);O(n);seconds;1.3633547713691469E-15;3.540052930442638E-09;2000;7.009023999999999E-06;7.080105860885276E-06;0
Сортировка пузырьком;O(n^2);seconds;1.9343681385581954E-09;1.532685698254511E-09;50;2.2425000000000003E-05;3.831714245636278E-06;0
Сортировка пузырьком;O(n^2);seconds;1.9343681385581954E-09;1.532685698254511E-09;100;2.2425000000000003E-05;1.532685698254511E-05;0
Сортировка пузырьком;O(n^2);seconds;1.9343681385581954E-09;1.532685698254511E-09;150;4.6075E-05;3.44854282107265E-05;0
Сортировка пузырьком;O(n^2);seconds;1.9343681385581954E-09;1.532685698254511E-09;200;8.406000000000002E-05;6.130742793018044E-05;0
Сортировка пузырьком;O(n^2);seconds;1.9343681385581954E-09;1.532685698254511E-09;250;0.00011640000000000001;9.579285614090694E-05;0
Сортировка пузырьком;O(n^2);seconds;1.9343681385581954E-09;1.532685698254511E-09;300;0.00016612;0.000137941712842906;0
Сортировка пузырьком;O(n^2);seconds;1.9343681385581954E-09;1.532685698254511E-09;350;0.00022468000000000002;0.0001877539980361776;0
Сортировка пузырьком;O(n^2);seconds;1.9343681385581954E-09;1.532685698254511E-09;400;0.0002800666666666666;0.00024522971172072177;0
Сортировка пузырьком;O(n^2);seconds;1.9343681385581954E-09;1.532685698254511E-09;450;0.00036107500000000004;0.0003103688538965385;0
Сортировка пузырьком;O(n^2);seconds;1.9343681385581954E-09;1.532685698254511E-09;500;0.00044405;0.00038317142456362777;0
Сортировка пузырьком;O(n^2);seconds;1.9343681385581954E-09;1.532685698254511E-09;550;0.000513;0.0004636374237219896;0
Сортировка пузырьком;O(n^2);seconds;1.9343681385581954E-09;1.532685698254511E-09;600;0.000607025;0.000551766851371624;0
Сортировка пузырьком;O(n^2);seconds;1.9343681385581954E-09;1.532685698254511E-09;650;0.0006948333333333333;0.0006475597075125309;0
Сортировка пузырьком;O(n^2);seconds;1.9343681385581954E-09;1.532685698254511E-09;700;0.0008108400000000002;0.0007510159921447104;0
Сортировка пузырьком;O(n^2);seconds;1.9343681385581954E-09;1.532685698254511E-09;750;0.0009196333333333333;0.0008621357052681624;0
Сортировка пузырьком;O(n^2);seconds;1.9343681385581954E-09;1.532685698254511E-09;800;0.001041625;0.000980918846882887;0
Сортировка пузырьком;O(n^2);seconds;1.9343681385581954E-09;1.532685698254511E-09;850;0.0011614;0.0011073654169888843;0
Сортировка пузырьком;O(n^2);seconds;1.9343681385581954E-09;1.532685698254511E-09;900;0.001289;0.001241475415586154;0
Сортировка пузырьком;O(n^2);seconds;1.9343681385581954E-09;1.532685698254511E-09;950;0.0014545600000000001;0.0013832488426746962;0
Сортировка пузырьком;O(n^2);seconds;1.9343681385581954E-09;1.532685698254511E-09;1000;0.00160238;0.001532685698254511;0
Сортировка пузырьком;O(n^2);seconds;1.9343681385581954E-09;1.532685698254511E-09;1050;0.0017553;0.0016897859823255985;0
Сортировка пузырьком;O(n^2);seconds;1.9343681385581954E-09;1.532685698254511E-09;1100;0.0019042;0.0018545496948879584;0
Сортировка пузырьком;O(n^2);seconds;1.9343681385581954E-09;1.532685698254511E-09;1150;0.0020636;0.002026976835941591;0
Сортировка пузырьком;O(n^2);seconds;1.9343681385581954E-09;1.532685698254511E-09;1200;0.002244;0.002207067405486496;0
Сортировка пузырьком;O(n^2);seconds;1.9343681385581954E-09;1.532685698254511E-09;1250;0.0024258333333333332;0.0023948214035226737;0
Сортировка пузырьком;O(n^2);seconds;1.9343681385581954E-09;1.532685698254511E-09;1300;0.0026405599999999997;0.0025902388300501236;0
Сортировка пузырьком;O(n^2);seconds;1.9343681385581954E-09;1.532685698254511E-09;1350;0.0028133200000000002;0.0027933196850688465;0
Сортировка пузырьком;O(n^2);seconds;1.9343681385581954E-09;1.532685698254511E-09;1400;0.003020225;0.0030040639685788417;0
Сортировка пузырьком;O(n^2);seconds;1.9343681385581954E-09;1.532685698254511E-09;1450;0.00327244;0.0032224716805801094;0
Сортировка пузырьком;O(n^2);seconds;1.9343681385581954E-09;1.532685698254511E-09;1500;0.0034749800000000003;0.0034485428210726497;0
Сортировка пузырьком;O(n^2);seconds;1.9343681385581954E-09;1.532685698254511E-09;1550;0.0037088750000000004;0.0036822773900564627;0
Сортировка пузырьком;O(n^2);seconds;1.9343681385581954E-09;1.532685698254511E-09;1600;0.003904475;0.003923675387531548;0
Сортировка пузырьком;O(n^2);seconds;1.9343681385581954E-09;1.532685698254511E-09;1650;0.0041418;0.004172736813497906;0
Сортировка пузырьком;O(n^2);seconds;1.9343681385581954E-09;1.532685698254511E-09;1700;0.0044059749999999995;0.004429461667955537;0
Сортировка пузырьком;O(n^2);seconds;1.9343681385581954E-09;1.532685698254511E-09;1750;0.004689540000000001;0.00469384995090444;0
Сортировка пузырьком;O(n^2);seconds;1.9343681385581954E-09;1.532685698254511E-09;1800;0.00493355;0.004965901662344616;0
Сортировка пузырьком;O(n^2);seconds;1.9343681385581954E-09;1.532685698254511E-09;1850;0.00523056;0.005245616802276064;0
Сортировка пузырьком;O(n^2);seconds;1.9343681385581954E-09;1.532685698254511E-09;1900;0.00549734;0.005532995370698785;0
Сортировка пузырьком;O(n^2);seconds;1.9343681385581954E-09;1.532685698254511E-09;1950;0.00576495;0.005828037367612778;0
Сортировка пузырьком;O(n^2);seconds;1.9343681385581954E-09;1.532685698254511E-09;2000;0.0060477000000000005;0.006130742793018044;0
Быстрая сортировка (Quick sort);O(n·log n);seconds;3.490186929753282E-12;7.879386580944832E-09;50;6.16E-06;2.2235062363246696E-06;0
Быстрая сортировка (Quick sort);O(n·log n);seconds;3.490186929753282E-12;7.879386580944832E-09;100;6.16E-06;5.234951130743823E-06;0
Быстрая сортировка (Quick sort);O(n·log n);seconds;3.490186929753282E-12;7.879386580944832E-09;150;9.88E-06;8.543798547896466E-06;0
Быстрая сортировка (Quick sort);O(n·log n);seconds;3.490186929753282E-12;7.879386580944832E-09;200;1.286E-05;1.204577957767661E-05;0
Быстрая сортировка (Quick sort);O(n·log n);seconds;3.490186929753282E-12;7.879386580944832E-09;250;1.585E-05;1.569137344981692E-05;0
Быстрая сортировка (Quick sort);O(n·log n);seconds;3.490186929753282E-12;7.879386580944832E-09;300;1.9533333333333335E-05;1.9451413070076385E-05;0
Быстрая сортировка (Quick sort);O(n·log n);seconds;3.490186929753282E-12;7.879386580944832E-09;350;2.412E-05;2.330662579955623E-05;0
Быстрая сортировка (Quick sort);O(n·log n);seconds;3.490186929753282E-12;7.879386580944832E-09;400;2.818E-05;2.724331378773116E-05;0
Быстрая сортировка (Quick sort);O(n·log n);seconds;3.490186929753282E-12;7.879386580944832E-09;450;3.184000000000001E-05;3.1251235160456764E-05;0
Быстрая сортировка (Quick sort);O(n·log n);seconds;3.490186929753282E-12;7.879386580944832E-09;500;3.6179999999999996E-05;3.532244019010626E-05;0
Быстрая сортировка (Quick sort);O(n·log n);seconds;3.490186929753282E-12;7.879386580944832E-09;550;3.975E-05;3.945057809004421E-05;0
Быстрая сортировка (Quick sort);O(n·log n);seconds;3.490186929753282E-12;7.879386580944832E-09;600;4.3360000000000005E-05;4.363045808871967E-05;0
Быстрая сортировка (Quick sort);O(n·log n);seconds;3.490186929753282E-12;7.879386580944832E-09;650;4.873333333333332E-05;4.785775786038624E-05;0
Быстрая сортировка (Quick sort);O(n·log n);seconds;3.490186929753282E-12;7.879386580944832E-09;700;5.6000000000000006E-05;5.212882220577384E-05;0
Быстрая сортировка (Quick sort);O(n·log n);seconds;3.490186929753282E-12;7.879386580944832E-09;750;5.804E-05;5.644051954406304E-05;0
Быстрая сортировка (Quick sort);O(n·log n);seconds;3.490186929753282E-12;7.879386580944832E-09;800;6.460000000000001E-05;6.0790136840218185E-05;0
Быстрая сортировка (Quick sort);O(n·log n);seconds;3.490186929753282E-12;7.879386580944832E-09;850;6.714E-05;6.517530089975917E-05;0
Быстрая сортировка (Quick sort);O(n·log n);seconds;3.490186929753282E-12;7.879386580944832E-09;900;7.337999999999999E-05;6.959391824376389E-05;0
Быстрая сортировка (Quick sort);O(n·log n);seconds;3.490186929753282E-12;7.879386580944832E-09;950;7.492E-05;7.404412838410978E-05;0
Быстрая сортировка (Quick sort);O(n·log n);seconds;3.490186929753282E-12;7.879386580944832E-09;1000;7.962E-05;7.852426696115735E-05;0
Быстрая сортировка (Quick sort);O(n·log n);seconds;3.490186929753282E-12;7.879386580944832E-09;1050;8.015E-05;8.303283627112588E-05;0
Быстрая сортировка (Quick sort);O(n·log n);seconds;3.490186929753282E-12;7.879386580944832E-09;1100;8.408000000000001E-05;8.756848141912773E-05;0
Быстрая сортировка (Quick sort);O(n·log n);seconds;3.490186929753282E-12;7.879386580944832E-09;1150;9.322E-05;9.212997081628984E-05;0
Быстрая сортировка (Quick sort);O(n·log n);seconds;3.490186929753282E-12;7.879386580944832E-09;1200;9.337499999999999E-05;9.671618007457313E-05;0
Быстрая сортировка (Quick sort);O(n·log n);seconds;3.490186929753282E-12;7.879386580944832E-09;1250;0.00010116000000000001;0.00010132607859005243;0
Быстрая сортировка (Quick sort);O(n·log n);seconds;3.490186929753282E-12;7.879386580944832E-09;1300;0.00010479999999999999;0.00010595871827600077;0
Быстрая сортировка (Quick sort);O(n·log n);seconds;3.490186929753282E-12;7.879386580944832E-09;1350;0.00011148;0.00011061322403167241;0
Быстрая сортировка (Quick sort);O(n·log n);seconds;3.490186929753282E-12;7.879386580944832E-09;1400;0.00011593333333333334;0.00011528878562487044;0
Быстрая сортировка (Quick sort);O(n·log n);seconds;3.490186929753282E-12;7.879386580944832E-09;1450;0.00011786000000000001;0.00011998465073548059;0
Быстрая сортировка (Quick sort);O(n·log n);seconds;3.490186929753282E-12;7.879386580944832E-09;1500;0.00012539999999999999;0.00012470011895954333;0
Быстрая сортировка (Quick sort);O(n·log n);seconds;3.490186929753282E-12;7.879386580944832E-09;1550;0.00012762;0.00012943453661357933;0
Быстрая сортировка (Quick sort);O(n·log n);seconds;3.490186929753282E-12;7.879386580944832E-09;1600;0.0001352;0.0001341872922099481;0
Быстрая сортировка (Quick sort);O(n·log n);seconds;3.490186929753282E-12;7.879386580944832E-09;1650;0.00013876;0.00013895781249827964;0
Быстрая сортировка (Quick sort);O(n·log n);seconds;3.490186929753282E-12;7.879386580944832E-09;1700;0.00014298;0.00014374555898712455;0
Быстрая сортировка (Quick sort);O(n·log n);seconds;3.490186929753282E-12;7.879386580944832E-09;1750;0.00014992499999999997;0.00014855002487513614;0
Быстрая сортировка (Quick sort);O(n·log n);seconds;3.490186929753282E-12;7.879386580944832E-09;1800;0.00015244;0.0001533707323332285;0
Быстрая сортировка (Quick sort);O(n·log n);seconds;3.490186929753282E-12;7.879386580944832E-09;1850;0.0001611;0.00015820723008892287;0
Быстрая сортировка (Quick sort);O(n·log n);seconds;3.490186929753282E-12;7.879386580944832E-09;1900;0.00016116;0.00016305909127201472;0
Быстрая сортировка (Quick sort);O(n·log n);seconds;3.490186929753282E-12;7.879386580944832E-09;1950;0.00016833999999999998;0.00016792591148715065;0
Быстрая сортировка (Quick sort);O(n·log n);seconds;3.490186929753282E-12;7.879386580944832E-09;2000;0.00017062000000000002;0.00017280730708420437;0
Гибридный Timsort;O(n·log n);seconds;1.6167495935327055E-11;9.95392147968019E-09;50;9.2E-06;2.808925067781231E-06;0
Гибридный Timsort;O(n·log n);seconds;1.6167495935327055E-11;9.95392147968019E-09;100;9.2E-06;6.613242283530482E-06;0
Гибридный Timsort;O(n·log n);seconds;1.6167495935327055E-11;9.95392147968019E-09;150;1.6139999999999998E-05;1.0793264045406086E-05;0
Гибридный Timsort;O(n·log n);seconds;1.6167495935327055E-11;9.95392147968019E-09;200;1.7775000000000002E-05;1.5217268862997E-05;0
Гибридный Timsort;O(n·log n);seconds;1.6167495935327055E-11;9.95392147968019E-09;250;2.44E-05;1.982269782339921E-05;0
Гибридный Timsort;O(n·log n);seconds;1.6167495935327055E-11;9.95392147968019E-09;300;2.7575E-05;2.4572704534716233E-05;0
Гибридный Timsort;O(n·log n);seconds;1.6167495935327055E-11;9.95392147968019E-09;350;3.17E-05;2.9442942135382903E-05;0
Гибридный Timsort;O(n·log n);seconds;1.6167495935327055E-11;9.95392147968019E-09;400;3.6899999999999996E-05;3.441610631786608E-05;0
Гибридный Timsort;O(n·log n);seconds;1.6167495935327055E-11;9.95392147968019E-09;450;4.264999999999999E-05;3.947925866240543E-05;0
Гибридный Timsort;O(n·log n);seconds;1.6167495935327055E-11;9.95392147968019E-09;500;4.9175E-05;4.4622356386638524E-05;0
Гибридный Timsort;O(n·log n);seconds;1.6167495935327055E-11;9.95392147968019E-09;550;5.042E-05;4.983737662852478E-05;0
Гибридный Timsort;O(n·log n);seconds;1.6167495935327055E-11;9.95392147968019E-09;600;6.154E-05;5.5117761957240576E-05;0
Гибридный Timsort;O(n·log n);seconds;1.6167495935327055E-11;9.95392147968019E-09;650;6.412E-05;6.045805203768913E-05;0
Гибридный Timsort;O(n·log n);seconds;1.6167495935327055E-11;9.95392147968019E-09;700;6.71E-05;6.585362930654193E-05;0
Гибридный Timsort;O(n·log n);seconds;1.6167495935327055E-11;9.95392147968019E-09;750;7.1875E-05;7.13005376805096E-05;0
Гибридный Timsort;O(n·log n);seconds;1.6167495935327055E-11;9.95392147968019E-09;800;7.903999999999999E-05;7.679534981947631E-05;0
Гибридный Timsort;O(n·log n);seconds;1.6167495935327055E-11;9.95392147968019E-09;850;8.518E-05;8.233506769925986E-05;0
Гибридный Timsort;O(n·log n);seconds;1.6167495935327055E-11;9.95392147968019E-09;900;8.834E-05;8.791704665652304E-05;0
Гибридный Timsort;O(n·log n);seconds;1.6167495935327055E-11;9.95392147968019E-09;950;9.846E-05;9.353893636202443E-05;0
Гибридный Timsort;O(n·log n);seconds;1.6167495935327055E-11;9.95392147968019E-09;1000;0.000101275;9.919863425295724E-05;0
Гибридный Timsort;O(n·log n);seconds;1.6167495935327055E-11;9.95392147968019E-09;1050;0.00010714;0.00010489424830058544;0
Гибридный Timsort;O(n·log n);seconds;1.6167495935327055E-11;9.95392147968019E-09;1100;0.00010826666666666666;0.00011062406688469776;0
Гибридный Timsort;O(n·log n);seconds;1.6167495935327055E-11;9.95392147968019E-09;1150;0.000115725;0.00011638653415588739;0
Гибридный Timsort;O(n·log n);seconds;1.6167495935327055E-11;9.95392147968019E-09;1200;0.00011923333333333332;0.00012218022969009737;0
Гибридный Timsort;O(n·log n);seconds;1.6167495935327055E-11;9.95392147968019E-09;1250;0.00012996666666666666;0.0001280038515394613;0
Гибридный Timsort;O(n·log n);seconds;1.6167495935327055E-11;9.95392147968019E-09;1300;0.00013314;0.0001338562019989625;0
Гибридный Timsort;O(n·log n);seconds;1.6167495935327055E-11;9.95392147968019E-09;1350;0.00013515;0.00013973617556577782;0
Гибридный Timsort;O(n·log n);seconds;1.6167495935327055E-11;9.95392147968019E-09;1400;0.00014542;0.00014564274868463615;0
Гибридный Timsort;O(n·log n);seconds;1.6167495935327055E-11;9.95392147968019E-09;1450;0.00014676666666666667;0.00015157497095980954;0
Гибридный Timsort;O(n·log n);seconds;1.6167495935327055E-11;9.95392147968019E-09;1500;0.00015209999999999998;0.00015753195758053947;0
Гибридный Timsort;O(n·log n);seconds;1.6167495935327055E-11;9.95392147968019E-09;1550;0.00015836666666666668;0.0001635128827574122;0
Гибридный Timsort;O(n·log n);seconds;1.6167495935327055E-11;9.95392147968019E-09;1600;0.0001755;0.00016951697400644094;0
Гибридный Timsort;O(n·log n);seconds;1.6167495935327055E-11;9.95392147968019E-09;1650;0.00017926000000000002;0.00017554350714826065;0
Гибридный Timsort;O(n·log n);seconds;1.6167495935327055E-11;9.95392147968019E-09;1700;0.00017926000000000002;0.00018159180191397605;0
Гибридный Timsort;O(n·log n);seconds;1.6167495935327055E-11;9.95392147968019E-09;1750;0.00018133333333333334;0.00018766121806836587;0
Гибридный Timsort;O(n·log n);seconds;1.6167495935327055E-11;9.95392147968019E-09;1800;0.00019345999999999998;0.00019375115197647043;0
Гибридный Timsort;O(n·log n);seconds;1.6167495935327055E-11;9.95392147968019E-09;1850;0.00020227499999999997;0.00019986103355192916;0
Гибридный Timsort;O(n·log n);seconds;1.6167495935327055E-11;9.95392147968019E-09;1900;0.00020253333333333334;0.00020599032353544122;0
Гибридный Timsort;O(n·log n);seconds;1.6167495935327055E-11;9.95392147968019E-09;1950;0.00020585;0.00021213851105987845;0
Гибридный Timsort;O(n·log n);seconds;1.6167495935327055E-11;9.95392147968019E-09;2000;0.0002291;0.00021830511146527485;0
Сортировка по Z-кривой Мортона;O(n·log n);seconds;1.931047024334955E-11;5.025741427699577E-09;50;7.1E-06;1.418228093246476E-06;0
Сортировка по Z-кривой Мортона;O(n·log n);seconds;1.931047024334955E-11;5.025741427699577E-09;100;7.1E-06;3.33903032926291E-06;0
Сортировка по Z-кривой Мортона;O(n·log n);seconds;1.931047024334955E-11;5.025741427699577E-09;150;8.720000000000001E-06;5.449526034923123E-06;0
Сортировка по Z-кривой Мортона;O(n·log n);seconds;1.931047024334955E-11;5.025741427699577E-09;200;9.666666666666667E-06;7.683208944065735E-06;0
Сортировка по Z-кривой Мортона;O(n·log n);seconds;1.931047024334955E-11;5.025741427699577E-09;250;1.42E-05;1.0008493020886123E-05;0
Сортировка по Z-кривой Мортона;O(n·log n);seconds;1.931047024334955E-11;5.025741427699577E-09;300;1.542E-05;1.2406774498156123E-05;0
Сортировка по Z-кривой Мортона;O(n·log n);seconds;1.931047024334955E-11;5.025741427699577E-09;350;1.9925E-05;1.486576062963976E-05;0
Сортировка по Z-кривой Мортона;O(n·log n);seconds;1.931047024334955E-11;5.025741427699577E-09;400;2.2760000000000002E-05;1.7376714459211303E-05;0
Сортировка по Z-кривой Мортона;O(n·log n);seconds;1.931047024334955E-11;5.025741427699577E-09;450;2.4033333333333336E-05;1.9933103370320455E-05;0
Сортировка по Z-кривой Мортона;O(n·log n);seconds;1.931047024334955E-11;5.025741427699577E-09;500;2.836666666666667E-05;2.2529856755622038E-05;0
Сортировка по Z-кривой Мортона;O(n·log n);seconds;1.931047024334955E-11;5.025741427699577E-09;550;3.116E-05;2.5162923866854835E-05;0
Сортировка по Z-кривой Мортона;O(n·log n);seconds;1.931047024334955E-11;5.025741427699577E-09;600;3.116E-05;2.782899385293199E-05;0
Сортировка по Z-кривой Мортона;O(n·log n);seconds;1.931047024334955E-11;5.025741427699577E-09;650;3.354E-05;3.0525309787112504E-05;0
Сортировка по Z-кривой Мортона;O(n·log n);seconds;1.931047024334955E-11;5.025741427699577E-09;700;3.6125E-05;3.324954025866922E-05;0
Сортировка по Z-кривой Мортона;O(n·log n);seconds;1.931047024334955E-11;5.025741427699577E-09;750;3.828E-05;3.5999687838576846E-05;0
Сортировка по Z-кривой Мортона;O(n·log n);seconds;1.931047024334955E-11;5.025741427699577E-09;800;3.8625000000000004E-05;3.877402206058227E-05;0
Сортировка по Z-кривой Мортона;O(n·log n);seconds;1.931047024334955E-11;5.025741427699577E-09;850;4.1674999999999997E-05;4.157102922032638E-05;0
Сортировка по Z-кривой Мортона;O(n·log n);seconds;1.931047024334955E-11;5.025741427699577E-09;900;4.4000000000000006E-05;4.438937402557054E-05;0
Сортировка по Z-кривой Мортона;O(n·log n);seconds;1.931047024334955E-11;5.025741427699577E-09;950;4.566666666666667E-05;4.722786979355241E-05;0
Сортировка по Z-кривой Мортона;O(n·log n);seconds;1.931047024334955E-11;5.025741427699577E-09;1000;4.8966666666666667E-05;5.008545493894365E-05;0
Сортировка по Z-кривой Мортона;O(n·log n);seconds;1.931047024334955E-11;5.025741427699577E-09;1050;5.3733333333333336E-05;5.2961174175205146E-05;0
Сортировка по Z-кривой Мортона;O(n·log n);seconds;1.931047024334955E-11;5.025741427699577E-09;1100;5.8200000000000005E-05;5.5854163304179205E-05;0
Сортировка по Z-кривой Мортона;O(n·log n);seconds;1.931047024334955E-11;5.025741427699577E-09;1150;5.8200000000000005E-05;5.876363677648864E-05;0
Сортировка по Z-кривой Мортона;O(n·log n);seconds;1.931047024334955E-11;5.025741427699577E-09;1200;6.123333333333334E-05;6.168887741910347E-05;0
Сортировка по Z-кривой Мортона;O(n·log n);seconds;1.931047024334955E-11;5.025741427699577E-09;1250;6.41E-05;6.462922787769932E-05;0
Сортировка по Z-кривой Мортона;O(n·log n);seconds;1.931047024334955E-11;5.025741427699577E-09;1300;6.41E-05;6.758408343023446E-05;0
Сортировка по Z-кривой Мортона;O(n·log n);seconds;1.931047024334955E-11;5.025741427699577E-09;1350;7.063333333333333E-05;7.055288590761463E-05;0
Сортировка по Z-кривой Мортона;O(n·log n);seconds;1.931047024334955E-11;5.025741427699577E-09;1400;7.230000000000001E-05;7.353511851611785E-05;0
Сортировка по Z-кривой Мортона;O(n·log n);seconds;1.931047024334955E-11;5.025741427699577E-09;1450;7.230000000000001E-05;7.65303014003231E-05;0
Сортировка по Z-кривой Мортона;O(n·log n);seconds;1.931047024334955E-11;5.025741427699577E-09;1500;7.4925E-05;7.953798781870306E-05;0
Сортировка по Z-кривой Мортона;O(n·log n);seconds;1.931047024334955E-11;5.025741427699577E-09;1550;7.822E-05;8.255776082964572E-05;0
Сортировка по Z-кривой Мортона;O(n·log n);seconds;1.931047024334955E-11;5.025741427699577E-09;1600;7.98E-05;8.558923040548386E-05;0
Сортировка по Z-кривой Мортона;O(n·log n);seconds;1.931047024334955E-11;5.025741427699577E-09;1650;8.5425E-05;8.863203090758515E-05;0
Сортировка по Z-кривой Мортона;O(n·log n);seconds;1.931047024334955E-11;5.025741427699577E-09;1700;8.853333333333333E-05;9.168581886774205E-05;0
Сортировка по Z-кривой Мортона;O(n·log n);seconds;1.931047024334955E-11;5.025741427699577E-09;1750;8.853333333333333E-05;9.4750271030775E-05;0
Сортировка по Z-кривой Мортона;O(n·log n);seconds;1.931047024334955E-11;5.025741427699577E-09;1800;0.000108075;9.782508262100031E-05;0
Сортировка по Z-кривой Мортона;O(n·log n);seconds;1.931047024334955E-11;5.025741427699577E-09;1850;0.0001121;0.00010090996580144387;0
Сортировка по Z-кривой Мортона;O(n·log n);seconds;1.931047024334955E-11;5.025741427699577E-09;1900;0.0001121;0.00010400464829973402;0
Сортировка по Z-кривой Мортона;O(n·log n);seconds;1.931047024334955E-11;5.025741427699577E-09;1950;0.00010453333333333333;0.00010710887217872554;0
Сортировка по Z-кривой Мортона;O(n·log n);seconds;1.931047024334955E-11;5.025741427699577E-09;2000;0.00010453333333333333;0.00011022239273328646;0
Поразрядная сортировка (Radix sort);O(n);seconds;5.055331419770058E-12;6.611832534025897E-08;50;8.0419425E-06;3.3059162670129484E-06;0
Поразрядная сортировка (Radix sort);O(n);seconds;5.055331419770058E-12;6.611832534025897E-08;100;1.106484E-05;6.611832534025897E-06;0
Поразрядная сортировка (Radix sort);O(n);seconds;5.055331419770058E-12;6.611832534025897E-08;150;1.3864235999999999E-05;9.917748801038846E-06;0
Поразрядная сортировка (Radix sort);O(n);seconds;5.055331419770058E-12;6.611832534025897E-08;200;1.6716372500000003E-05;1.3223665068051794E-05;0
Поразрядная сортировка (Radix sort);O(n);seconds;5.055331419770058E-12;6.611832534025897E-08;250;1.9551635E-05;1.6529581335064743E-05;0
Поразрядная сортировка (Radix sort);O(n);seconds;5.055331419770058E-12;6.611832534025897E-08;300;2.2402156666666666E-05;1.9835497602077692E-05;0
Поразрядная сортировка (Radix sort);O(n);seconds;5.055331419770058E-12;6.611832534025897E-08;350;2.5263849999999997E-05;2.3141413869090638E-05;0
Поразрядная сортировка (Radix sort);O(n);seconds;5.055331419770058E-12;6.611832534025897E-08;400;2.8127677499999997E-05;2.6447330136103587E-05;0
Поразрядная сортировка (Radix sort);O(n);seconds;5.055331419770058E-12;6.611832534025897E-08;450;3.099403E-05;2.9753246403116536E-05;0
Поразрядная сортировка (Radix sort);O(n);seconds;5.055331419770058E-12;6.611832534025897E-08;500;3.4192628E-05;3.3059162670129486E-05;0
Поразрядная сортировка (Radix sort);O(n);seconds;5.055331419770058E-12;6.611832534025897E-08;550;3.709157E-05;3.6365078937142435E-05;0
Поразрядная сортировка (Radix sort);O(n);seconds;5.055331419770058E-12;6.611832534025897E-08;600;3.9843376E-05;3.9670995204155384E-05;0
Поразрядная сортировка (Radix sort);O(n);seconds;5.055331419770058E-12;6.611832534025897E-08;650;4.2596040000000006E-05;4.297691147116833E-05;0
Поразрядная сортировка (Radix sort);O(n);seconds;5.055331419770058E-12;6.611832534025897E-08;700;4.5545707500000004E-05;4.6282827738181276E-05;0
Поразрядная сортировка (Radix sort);O(n);seconds;5.055331419770058E-12;6.611832534025897E-08;750;4.83908E-05;4.9588744005194225E-05;0
Поразрядная сортировка (Radix sort);O(n);seconds;5.055331419770058E-12;6.611832534025897E-08;800;5.5287123999999993E-05;5.2894660272207174E-05;0
Поразрядная сортировка (Radix sort);O(n);seconds;5.055331419770058E-12;6.611832534025897E-08;850;6.062005599999999E-05;5.6200576539220123E-05;0
Поразрядная сортировка (Radix sort);O(n);seconds;5.055331419770058E-12;6.611832534025897E-08;900;5.9880106666666666E-05;5.950649280623307E-05;0
Поразрядная сортировка (Radix sort);O(n);seconds;5.055331419770058E-12;6.611832534025897E-08;950;6.330365E-05;6.281240907324602E-05;0
Поразрядная сортировка (Radix sort);O(n);seconds;5.055331419770058E-12;6.611832534025897E-08;1000;6.664118800000001E-05;6.611832534025897E-05;0
Поразрядная сортировка (Radix sort);O(n);seconds;5.055331419770058E-12;6.611832534025897E-08;1050;7.008905800000001E-05;6.942424160727191E-05;0
Поразрядная сортировка (Radix sort);O(n);seconds;5.055331419770058E-12;6.611832534025897E-08;1100;6.896657E-05;7.273015787428487E-05;0
Поразрядная сортировка (Radix sort);O(n);seconds;5.055331419770058E-12;6.611832534025897E-08;1150;7.184055333333334E-05;7.603607414129781E-05;0
Поразрядная сортировка (Radix sort);O(n);seconds;5.055331419770058E-12;6.611832534025897E-08;1200;8.066903000000001E-05;7.934199040831077E-05;0
Поразрядная сортировка (Radix sort);O(n);seconds;5.055331419770058E-12;6.611832534025897E-08;1250;8.3901725E-05;8.264790667532371E-05;0
Поразрядная сортировка (Radix sort);O(n);seconds;5.055331419770058E-12;6.611832534025897E-08;1300;8.644719199999999E-05;8.595382294233667E-05;0
Поразрядная сортировка (Radix sort);O(n);seconds;5.055331419770058E-12;6.611832534025897E-08;1350;8.953545399999999E-05;8.925973920934961E-05;0
Поразрядная сортировка (Radix sort);O(n);seconds;5.055331419770058E-12;6.611832534025897E-08;1400;9.27122175E-05;9.256565547636255E-05;0
Поразрядная сортировка (Radix sort);O(n);seconds;5.055331419770058E-12;6.611832534025897E-08;1450;9.5777052E-05;9.587157174337551E-05;0
Поразрядная сортировка (Radix sort);O(n);seconds;5.055331419770058E-12;6.611832534025897E-08;1500;0.00010100024499999999;9.917748801038845E-05;0
Поразрядная сортировка (Radix sort);O(n);seconds;5.055331419770058E-12;6.611832534025897E-08;1550;0.00010350820599999999;0.0001024834042774014;0
Поразрядная сортировка (Radix sort);O(n);seconds;5.055331419770058E-12;6.611832534025897E-08;1600;0.000107421356;0.00010578932054441435;0
Поразрядная сортировка (Radix sort);O(n);seconds;5.055331419770058E-12;6.611832534025897E-08;1650;0.00011288421;0.0001090952368114273;0
Поразрядная сортировка (Radix sort);O(n);seconds;5.055331419770058E-12;6.611832534025897E-08;1700;0.000110048038;0.00011240115307844025;0
Поразрядная сортировка (Radix sort);O(n);seconds;5.055331419770058E-12;6.611832534025897E-08;1750;0.0001141260325;0.0001157070693454532;0
Поразрядная сортировка (Radix sort);O(n);seconds;5.055331419770058E-12;6.611832534025897E-08;1800;0.000117425524;0.00011901298561246615;0
Поразрядная сортировка (Radix sort);O(n);seconds;5.055331419770058E-12;6.611832534025897E-08;1850;0.00012151423999999999;0.0001223189018794791;0
Поразрядная сортировка (Radix sort);O(n);seconds;5.055331419770058E-12;6.611832534025897E-08;1900;0.00012334352999999998;0.00012562481814649203;0
Поразрядная сортировка (Radix sort);O(n);seconds;5.055331419770058E-12;6.611832534025897E-08;1950;0.000127430986;0.000128930734413505;0
Поразрядная сортировка (Radix sort);O(n);seconds;5.055331419770058E-12;6.611832534025897E-08;2000;0.00013090477800000003;0.00013223665068051794;0
Степень (простой, рис. 1);O(n);steps;0;1;50;50;50;1
Степень (простой, рис. 1);O(n);steps;0;1;100;100;100;1
Степень (простой, рис. 1);O(n);steps;0;1;150;150;150;1
Степень (простой, рис. 1);O(n);steps;0;1;200;200;200;1
Степень (простой, рис. 1);O(n);steps;0;1;250;250;250;1
Степень (простой, рис. 1);O(n);steps;0;1;300;300;300;1
Степень (простой, рис. 1);O(n);steps;0;1;350;350;350;1
Степень (простой, рис. 1);O(n);steps;0;1;400;400;400;1
Степень (простой, рис. 1);O(n);steps;0;1;450;450;450;1
Степень (простой, рис. 1);O(n);steps;0;1;500;500;500;1
Степень (простой, рис. 1);O(n);steps;0;1;550;550;550;1
Степень (простой, рис. 1);O(n);steps;0;1;600;600;600;1
Степень (простой, рис. 1);O(n);steps;0;1;650;650;650;1
Степень (простой, рис. 1);O(n);steps;0;1;700;700;700;1
Степень (простой, рис. 1);O(n);steps;0;1;750;750;750;1
Степень (простой, рис. 1);O(n);steps;0;1;800;800;800;1
Степень (простой, рис. 1);O(n);steps;0;1;850;850;850;1
Степень (простой, рис. 1);O(n);steps;0;1;900;900;900;1
Степень (простой, рис. 1);O(n);steps;0;1;950;950;950;1
Степень (простой, рис. 1);O(n);steps;0;1;1000;1000;1000;1
Степень (простой, рис. 1);O(n);steps;0;1;1050;1050;1050;1
Степень (простой, рис. 1);O(n);steps;0;1;1100;1100;1100;1
Степень (простой, рис. 1);O(n);steps;0;1;1150;1150;1150;1
Степень (простой, рис. 1);O(n);steps;0;1;1200;1200;1200;1
Степень (простой, рис. 1);O(n);steps;0;1;1250;1250;1250;1
Степень (простой, рис. 1);O(n);steps;0;1;1300;1300;1300;1
Степень (простой, рис. 1);O(n);steps;0;1;1350;1350;1350;1
Степень (простой, рис. 1);O(n);steps;0;1;1400;1400;1400;1
Степень (простой, рис. 1);O(n);steps;0;1;1450;1450;1450;1
Степень (простой, рис. 1);O(n);steps;0;1;1500;1500;1500;1
Степень (простой, рис. 1);O(n);steps;0;1;1550;1550;1550;1
Степень (простой, рис. 1);O(n);steps;0;1;1600;1600;1600;1
Степень (простой, рис. 1);O(n);steps;0;1;1650;1650;1650;1
Степень (простой, рис. 1);O(n);steps;0;1;1700;1700;1700;1
Степень (простой, рис. 1);O(n);steps;0;1;1750;1750;1750;1
Степень (простой, рис. 1);O(n);steps;0;1;1800;1800;1800;1
Степень (простой, рис. 1);O(n);steps;0;1;1850;1850;1850;1
Степень (простой, рис. 1);O(n);steps;0;1;1900;1900;1900;1
Степень (простой, рис. 1);O(n);steps;0;1;1950;1950;1950;1
Степень (простой, рис. 1);O(n);steps;0;1;2000;2000;2000;1
Степень (рекурсивный RecPow, рис. 2);O(log n);steps;1.3917140976990359;1.5688006471655072;50;9;8.85408524302764;1
Степень (рекурсивный RecPow, рис. 2);O(log n);steps;1.3917140976990359;1.5688006471655072;100;10;10.42288589019315;1
Степень (рекурсивный RecPow, рис. 2);O(log n);steps;1.3917140976990359;1.5688006471655072;150;12;11.340575439892051;1
Степень (рекурсивный RecPow, рис. 2);O(log n);steps;1.3917140976990359;1.5688006471655072;200;11;11.991686537358655;1
Степень (рекурсивный RecPow, рис. 2);O(log n);steps;1.3917140976990359;1.5688006471655072;250;14;12.496727540958709;1
Степень (рекурсивный RecPow, рис. 2);O(log n);steps;1.3917140976990359;1.5688006471655072;300;13;12.90937608705756;1
Степень (рекурсивный RecPow, рис. 2);O(log n);steps;1.3917140976990359;1.5688006471655072;350;15;13.258265461574883;1
Степень (рекурсивный RecPow, рис. 2);O(log n);steps;1.3917140976990359;1.5688006471655072;400;12;13.560487184524163;1
Степень (рекурсивный RecPow, рис. 2);O(log n);steps;1.3917140976990359;1.5688006471655072;450;13;13.827065636756464;1
Степень (рекурсивный RecPow, рис. 2);O(log n);steps;1.3917140976990359;1.5688006471655072;500;15;14.065528188124215;1
Степень (рекурсивный RecPow, рис. 2);O(log n);steps;1.3917140976990359;1.5688006471655072;550;14;14.28124380517065;1
Степень (рекурсивный RecPow, рис. 2);O(log n);steps;1.3917140976990359;1.5688006471655072;600;14;14.478176734223068;1
Степень (рекурсивный RecPow, рис. 2);O(log n);steps;1.3917140976990359;1.5688006471655072;650;14;14.659337467644335;1
Степень (рекурсивный RecPow, рис. 2);O(log n);steps;1.3917140976990359;1.5688006471655072;700;16;14.82706610874039;1
Степень (рекурсивный RecPow, рис. 2);O(log n);steps;1.3917140976990359;1.5688006471655072;750;17;14.983217737823118;1
Степень (рекурсивный RecPow, рис. 2);O(log n);steps;1.3917140976990359;1.5688006471655072;800;13;15.129287831689672;1
Степень (рекурсивный RecPow, рис. 2);O(log n);steps;1.3917140976990359;1.5688006471655072;850;15;15.266499593646136;1
Степень (рекурсивный RecPow, рис. 2);O(log n);steps;1.3917140976990359;1.5688006471655072;900;14;15.39586628392197;1
Степень (рекурсивный RecPow, рис. 2);O(log n);steps;1.3917140976990359;1.5688006471655072;950;17;15.518236675230103;1
Степень (рекурсивный RecPow, рис. 2);O(log n);steps;1.3917140976990359;1.5688006471655072;1000;16;15.634328835289724;1
Степень (рекурсивный RecPow, рис. 2);O(log n);steps;1.3917140976990359;1.5688006471655072;1050;15;15.744755658439294;1
Степень (рекурсивный RecPow, рис. 2);O(log n);steps;1.3917140976990359;1.5688006471655072;1100;15;15.850044452336158;1
Степень (рекурсивный RecPow, рис. 2);O(log n);steps;1.3917140976990359;1.5688006471655072;1150;18;15.950652167183152;1
Степень (рекурсивный RecPow, рис. 2);O(log n);steps;1.3917140976990359;1.5688006471655072;1200;15;16.046977381388572;1
Степень (рекурсивный RecPow, рис. 2);O(log n);steps;1.3917140976990359;1.5688006471655072;1250;16;16.139369838889774;1
Степень (рекурсивный RecPow, рис. 2);O(log n);steps;1.3917140976990359;1.5688006471655072;1300;15;16.22813811480984;1
Степень (рекурсивный RecPow, рис. 2);O(log n);steps;1.3917140976990359;1.5688006471655072;1350;16;16.313555833620875;1
Степень (рекурсивный RecPow, рис. 2);O(log n);steps;1.3917140976990359;1.5688006471655072;1400;17;16.395866755905896;1
Степень (рекурсивный RecPow, рис. 2);O(log n);steps;1.3917140976990359;1.5688006471655072;1450;17;16.475288972101513;1
Степень (рекурсивный RecPow, рис. 2);O(log n);steps;1.3917140976990359;1.5688006471655072;1500;18;16.552018384988624;1
Степень (рекурсивный RecPow, рис. 2);O(log n);steps;1.3917140976990359;1.5688006471655072;1550;16;16.62623162094754;1
Степень (рекурсивный RecPow, рис. 2);O(log n);steps;1.3917140976990359;1.5688006471655072;1600;14;16.69808847885518;1
Степень (рекурсивный RecPow, рис. 2);O(log n);steps;1.3917140976990359;1.5688006471655072;1650;17;16.767734002035063;1
Степень (рекурсивный RecPow, рис. 2);O(log n);steps;1.3917140976990359;1.5688006471655072;1700;16;16.835300240811645;1
Степень (рекурсивный RecPow, рис. 2);O(log n);steps;1.3917140976990359;1.5688006471655072;1750;18;16.900907759505948;1
Степень (рекурсивный RecPow, рис. 2);O(log n);steps;1.3917140976990359;1.5688006471655072;1800;15;16.96466693108748;1
Степень (рекурсивный RecPow, рис. 2);O(log n);steps;1.3917140976990359;1.5688006471655072;1850;18;17.026679054404866;1
Степень (рекурсивный RecPow, рис. 2);O(log n);steps;1.3917140976990359;1.5688006471655072;1900;18;17.08703732239561;1
Степень (рекурсивный RecPow, рис. 2);O(log n);steps;1.3917140976990359;1.5688006471655072;1950;19;17.145827664508747;1
Степень (рекурсивный RecPow, рис. 2);O(log n);steps;1.3917140976990359;1.5688006471655072;2000;17;17.20312948245523;1
Степень (быстрый QuickPow, рис. 3);O(log n);steps;1.3917140976990359;1.5688006471655072;50;9;8.85408524302764;1
Степень (быстрый QuickPow, рис. 3);O(log n);steps;1.3917140976990359;1.5688006471655072;100;10;10.42288589019315;1
Степень (быстрый QuickPow, рис. 3);O(log n);steps;1.3917140976990359;1.5688006471655072;150;12;11.340575439892051;1
Степень (быстрый QuickPow, рис. 3);O(log n);steps;1.3917140976990359;1.5688006471655072;200;11;11.991686537358655;1
Степень (быстрый QuickPow, рис. 3);O(log n);steps;1.3917140976990359;1.5688006471655072;250;14;12.496727540958709;1
Степень (быстрый QuickPow, рис. 3);O(log n);steps;1.3917140976990359;1.5688006471655072;300;13;12.90937608705756;1
Степень (быстрый QuickPow, рис. 3);O(log n);steps;1.3917140976990359;1.5688006471655072;350;15;13.258265461574883;1
Степень (быстрый QuickPow, рис. 3);O(log n);steps;1.3917140976990359;1.5688006471655072;400;12;13.560487184524163;1
Степень (быстрый QuickPow, рис. 3);O(log n);steps;1.3917140976990359;1.5688006471655072;450;13;13.827065636756464;1
Степень (быстрый QuickPow, рис. 3);O(log n);steps;1.3917140976990359;1.5688006471655072;500;15;14.065528188124215;1
Степень (быстрый QuickPow, рис. 3);O(log n);steps;1.3917140976990359;1.5688006471655072;550;14;14.28124380517065;1
Степень (быстрый QuickPow, рис. 3);O(log n);steps;1.3917140976990359;1.5688006471655072;600;14;14.478176734223068;1
Степень (быстрый QuickPow, рис. 3);O(log n);steps;1.3917140976990359;1.5688006471655072;650;14;14.659337467644335;1
Степень (быстрый QuickPow, рис. 3);O(log n);steps;1.3917140976990359;1.5688006471655072;700;16;14.82706610874039;1
Степень (быстрый QuickPow, рис. 3);O(log n);steps;1.3917140976990359;1.5688006471655072;750;17;14.983217737823118;1
Степень (быстрый QuickPow, рис. 3);O(log n);steps;1.3917140976990359;1.5688006471655072;800;13;15.129287831689672;1
Степень (быстрый QuickPow, рис. 3);O(log n);steps;1.3917140976990359;1.5688006471655072;850;15;15.266499593646136;1
Степень (быстрый QuickPow, рис. 3);O(log n);steps;1.3917140976990359;1.5688006471655072;900;14;15.39586628392197;1
Степень (быстрый QuickPow, рис. 3);O(log n);steps;1.3917140976990359;1.5688006471655072;950;17;15.518236675230103;1
Степень (быстрый QuickPow, рис. 3);O(log n);steps;1.3917140976990359;1.5688006471655072;1000;16;15.634328835289724;1
Степень (быстрый QuickPow, рис. 3);O(log n);steps;1.3917140976990359;1.5688006471655072;1050;15;15.744755658439294;1
Степень (быстрый QuickPow, рис. 3);O(log n);steps;1.3917140976990359;1.5688006471655072;1100;15;15.850044452336158;1
Степень (быстрый QuickPow, рис. 3);O(log n);steps;1.3917140976990359;1.5688006471655072;1150;18;15.950652167183152;1
Степень (быстрый QuickPow, рис. 3);O(log n);steps;1.3917140976990359;1.5688006471655072;1200;15;16.046977381388572;1
Степень (быстрый QuickPow, рис. 3);O(log n);steps;1.3917140976990359;1.5688006471655072;1250;16;16.139369838889774;1
Степень (быстрый QuickPow, рис. 3);O(log n);steps;1.3917140976990359;1.5688006471655072;1300;15;16.22813811480984;1
Степень (быстрый QuickPow, рис. 3);O(log n);steps;1.3917140976990359;1.5688006471655072;1350;16;16.313555833620875;1
Степень (быстрый QuickPow, рис. 3);O(log n);steps;1.3917140976990359;1.5688006471655072;1400;17;16.395866755905896;1
Степень (быстрый QuickPow, рис. 3);O(log n);steps;1.3917140976990359;1.5688006471655072;1450;17;16.475288972101513;1
Степень (быстрый QuickPow, рис. 3);O(log n);steps;1.3917140976990359;1.5688006471655072;1500;18;16.552018384988624;1
Степень (быстрый QuickPow, рис. 3);O(log n);steps;1.3917140976990359;1.5688006471655072;1550;16;16.62623162094754;1
Степень (быстрый QuickPow, рис. 3);O(log n);steps;1.3917140976990359;1.5688006471655072;1600;14;16.69808847885518;1
Степень (быстрый QuickPow, рис. 3);O(log n);steps;1.3917140976990359;1.5688006471655072;1650;17;16.767734002035063;1
Степень (быстрый QuickPow, рис. 3);O(log n);steps;1.3917140976990359;1.5688006471655072;1700;16;16.835300240811645;1
Степень (быстрый QuickPow, рис. 3);O(log n);steps;1.3917140976990359;1.5688006471655072;1750;18;16.900907759505948;1
Степень (быстрый QuickPow, рис. 3);O(log n);steps;1.3917140976990359;1.5688006471655072;1800;15;16.96466693108748;1
Степень (быстрый QuickPow, рис. 3);O(log n);steps;1.3917140976990359;1.5688006471655072;1850;18;17.026679054404866;1
Степень (быстрый QuickPow, рис. 3);O(log n);steps;1.3917140976990359;1.5688006471655072;1900;18;17.08703732239561;1
Степень (быстрый QuickPow, рис. 3);O(log n);steps;1.3917140976990359;1.5688006471655072;1950;19;17.145827664508747;1
Степень (быстрый QuickPow, рис. 3);O(log n);steps;1.3917140976990359;1.5688006471655072;2000;17;17.20312948245523;1
Степень (классический быстрый QuickPow1, рис. 4);O(log n);steps;1.4007672610923527;1.4665898283925307;50;8;8.277222080833836;1
Степень (классический быстрый QuickPow1, рис. 4);O(log n);steps;1.4007672610923527;1.4665898283925307;100;9;9.743811909226368;1
Степень (классический быстрый QuickPow1, рис. 4);O(log n);steps;1.4007672610923527;1.4665898283925307;150;11;10.601711962775072;1
Степень (классический быстрый QuickPow1, рис. 4);O(log n);steps;1.4007672610923527;1.4665898283925307;200;10;11.210401737618897;1
Степень (классический быстрый QuickPow1, рис. 4);O(log n);steps;1.4007672610923527;1.4665898283925307;250;13;11.682538207054488;1
Степень (классический быстрый QuickPow1, рис. 4);O(log n);steps;1.4007672610923527;1.4665898283925307;300;12;12.068301791167604;1
Степень (классический быстрый QuickPow1, рис. 4);O(log n);steps;1.4007672610923527;1.4665898283925307;350;14;12.394460254211223;1
Степень (классический быстрый QuickPow1, рис. 4);O(log n);steps;1.4007672610923527;1.4665898283925307;400;11;12.676991566011429;1
Степень (классический быстрый QuickPow1, рис. 4);O(log n);steps;1.4007672610923527;1.4665898283925307;450;12;12.92620184471631;1
Степень (классический быстрый QuickPow1, рис. 4);O(log n);steps;1.4007672610923527;1.4665898283925307;500;14;13.149128035447019;1
Степень (классический быстрый QuickPow1, рис. 4);O(log n);steps;1.4007672610923527;1.4665898283925307;550;13;13.350789304746804;1
Степень (классический быстрый QuickPow1, рис. 4);O(log n);steps;1.4007672610923527;1.4665898283925307;600;13;13.534891619560135;1
Степень (классический быстрый QuickPow1, рис. 4);O(log n);steps;1.4007672610923527;1.4665898283925307;650;13;13.704249332039286;1
Степень (классический быстрый QuickPow1, рис. 4);O(log n);steps;1.4007672610923527;1.4665898283925307;700;15;13.861050082603755;1
Степень (классический быстрый QuickPow1, рис. 4);O(log n);steps;1.4007672610923527;1.4665898283925307;750;16;14.007028088995725;1
Степень (классический быстрый QuickPow1, рис. 4);O(log n);steps;1.4007672610923527;1.4665898283925307;800;12;14.14358139440396;1
Степень (классический быстрый QuickPow1, рис. 4);O(log n);steps;1.4007672610923527;1.4665898283925307;850;14;14.271853507744018;1
Степень (классический быстрый QuickPow1, рис. 4);O(log n);steps;1.4007672610923527;1.4665898283925307;900;13;14.39279167310884;1
Степень (классический быстрый QuickPow1, рис. 4);O(log n);steps;1.4007672610923527;1.4665898283925307;950;16;14.507189363798974;1
Степень (классический быстрый QuickPow1, рис. 4);O(log n);steps;1.4007672610923527;1.4665898283925307;1000;15;14.61571786383955;1
Степень (классический быстрый QuickPow1, рис. 4);O(log n);steps;1.4007672610923527;1.4665898283925307;1050;14;14.718950136152461;1
Степень (классический быстрый QuickPow1, рис. 4);O(log n);steps;1.4007672610923527;1.4665898283925307;1100;14;14.817379133139335;1
Степень (классический быстрый QuickPow1, рис. 4);O(log n);steps;1.4007672610923527;1.4665898283925307;1150;17;14.911432033690474;1
Степень (классический быстрый QuickPow1, рис. 4);O(log n);steps;1.4007672610923527;1.4665898283925307;1200;14;15.001481447952665;1
Степень (классический быстрый QuickPow1, рис. 4);O(log n);steps;1.4007672610923527;1.4665898283925307;1250;15;15.08785433327514;1
Степень (классический быстрый QuickPow1, рис. 4);O(log n);steps;1.4007672610923527;1.4665898283925307;1300;14;15.170839160431816;1
Степень (классический быстрый QuickPow1, рис. 4);O(log n);steps;1.4007672610923527;1.4665898283925307;1350;15;15.250691726657546;1
Степень (классический быстрый QuickPow1, рис. 4);O(log n);steps;1.4007672610923527;1.4665898283925307;1400;16;15.327639910996286;1
Степень (классический быстрый QuickPow1, рис. 4);O(log n);steps;1.4007672610923527;1.4665898283925307;1450;16;15.401887594812159;1
Степень (классический быстрый QuickPow1, рис. 4);O(log n);steps;1.4007672610923527;1.4665898283925307;1500;17;15.473617917388255;1
Степень (классический быстрый QuickPow1, рис. 4);O(log n);steps;1.4007672610923527;1.4665898283925307;1550;15;15.542995997507033;1
Степень (классический быстрый QuickPow1, рис. 4);O(log n);steps;1.4007672610923527;1.4665898283925307;1600;13;15.61017122279649;1
Степень (классический быстрый QuickPow1, рис. 4);O(log n);steps;1.4007672610923527;1.4665898283925307;1650;16;15.67527918668804;1
Степень (классический быстрый QuickPow1, рис. 4);O(log n);steps;1.4007672610923527;1.4665898283925307;1700;15;15.738443336136548;1
Степень (классический быстрый QuickPow1, рис. 4);O(log n);steps;1.4007672610923527;1.4665898283925307;1750;17;15.799776380431876;1
Степень (классический быстрый QuickPow1, рис. 4);O(log n);steps;1.4007672610923527;1.4665898283925307;1800;14;15.859381501501371;1
Степень (классический быстрый QuickPow1, рис. 4);O(log n);steps;1.4007672610923527;1.4665898283925307;1850;17;15.917353398350489;1
Степень (классический быстрый QuickPow1, рис. 4);O(log n);steps;1.4007672610923527;1.4665898283925307;1900;17;15.973779192191504;1
Степень (классический быстрый QuickPow1, рис. 4);O(log n);steps;1.4007672610923527;1.4665898283925307;1950;18;16.028739213980522;1
Степень (классический быстрый QuickPow1, рис. 4);O(log n);steps;1.4007672610923527;1.4665898283925307;2000;16;16.08230769223208;1
Матричное умножение A×B;O(M²·N);seconds;3.512116001773564E-11;2.097941287720832E-09;10;3.133333333333333E-06;2.097941287720832E-06;0
Матричное умножение A×B;O(M²·N);seconds;3.512116001773564E-11;2.097941287720832E-09;20;1.74E-05;1.6783530301766656E-05;0
Матричное умножение A×B;O(M²·N);seconds;3.512116001773564E-11;2.097941287720832E-09;30;5.7300000000000004E-05;5.6644414768462463E-05;0
Матричное умножение A×B;O(M²·N);seconds;3.512116001773564E-11;2.097941287720832E-09;40;0.00013793333333333334;0.00013426824241413325;0
Матричное умножение A×B;O(M²·N);seconds;3.512116001773564E-11;2.097941287720832E-09;50;0.00026623333333333337;0.00026224266096510403;0
Матричное умножение A×B;O(M²·N);seconds;3.512116001773564E-11;2.097941287720832E-09;60;0.0004658;0.0004531553181476997;0
Матричное умножение A×B;O(M²·N);seconds;3.512116001773564E-11;2.097941287720832E-09;70;0.000722;0.0007195938616882454;0
Матричное умножение A×B;O(M²·N);seconds;3.512116001773564E-11;2.097941287720832E-09;80;0.0010642333333333333;0.001074145939313066;0
Матричное умножение A×B;O(M²·N);seconds;3.512116001773564E-11;2.097941287720832E-09;90;0.0015237333333333334;0.0015293991987484865;0
Матричное умножение A×B;O(M²·N);seconds;3.512116001773564E-11;2.097941287720832E-09;100;0.0021028333333333333;0.0020979412877208323;0
